Student,Assigned Project,Case Study
Ethan Williams,Titan's Forge,Product Innovation Study
Sophia Brown,SkyNet Initiative,Market Expansion Analysis
Mason Garcia,Titan's Forge,Product Innovation Study
Isabella Martinez,Zephyr Solutions,Market Expansion Analysis
William Lee,SkyNet Initiative,Market Expansion Analysis
Emma Thompson,Chronos Protocol,Customer Retention Strategy
Liam Rodriguez,Atlas Foundation,Product Innovation Study
Olivia Chen,Atlas Foundation,Product Innovation Study
Noah Patel,Chronos Protocol,Customer Retention Strategy
Ava Johnson,Titan's Forge,Product Innovation Study
Ryan Baker,Chronos Protocol,Customer Retention Strategy
Grace Adams,Atlas Foundation,Product Innovation Study
Nicholas Nelson,Emerald Oasis,Customer Retention Strategy
Chloe Hill,Atlas Foundation,Product Innovation Study
Joseph Young,SkyNet Initiative,Market Expansion Analysis
Sofia Wright,Emerald Oasis,Customer Retention Strategy
Christopher King,Emerald Oasis,Customer Retention Strategy
Elizabeth Scott,Emerald Oasis,Customer Retention Strategy
Andrew Green,Phoenix Rising,Market Expansion Analysis
James Wilson,Starlight Ventures,Market Expansion Analysis
Charlotte Davis,Zephyr Solutions,Market Expansion Analysis
Benjamin Anderson,Zephyr Solutions,Market Expansion Analysis
Amelia Taylor,Chronos Protocol,Customer Retention Strategy
Lucas Thomas,Emerald Oasis,Customer Retention Strategy
Jonathan Phillips,SkyNet Initiative,Market Expansion Analysis
Victoria Evans,Nebula Nexus,Customer Retention Strategy
Dylan Turner,Chronos Protocol,Customer Retention Strategy
Hannah Morris,Phoenix Rising,Market Expansion Analysis
Henry Jackson,Quantum Leap,Product Innovation Study
Mia White,Nebula Nexus,Customer Retention Strategy
Alexander Harris,Chronos Protocol,Customer Retention Strategy
Harper Martin,Quantum Leap,Product Innovation Study
Daniel Thompson,Chronos Protocol,Customer Retention Strategy
Matthew Campbell,SkyNet Initiative,Market Expansion Analysis
Zoe Mitchell,Atlas Foundation,Product Innovation Study
Jack Roberts,Zephyr Solutions,Market Expansion Analysis
Lily Carter,Starlight Ventures,Market Expansion Analysis
Caleb Murphy,Emerald Oasis,Customer Retention Strategy
Audrey Cook,Quantum Leap,Product Innovation Study
Luke Rivera,Chronos Protocol,Customer Retention Strategy
Michael Clark,Titan's Forge,Product Innovation Study
Emily Lewis,SkyNet Initiative,Market Expansion Analysis
Samuel Walker,Atlas Foundation,Product Innovation Study
Abigail Hall,Quantum Leap,Product Innovation Study
David Allen,Starlight Ventures,Market Expansion Analysis
